customer_id,age,financial_autonomy_idx,avg_balance,churned
1,56,4.390650729441466,2390.7799193492415,1
2,69,7.7462046997846485,1097.9626095241858,0
3,46,4.536905040809732,3261.7849353852484,1
4,32,8.46247798635863,1081.8224258781947,0
5,60,6.121733222491729,909.597834472463,1
6,25,1.571606466310012,4803.195692397007,1
7,78,1.3313968087239223,3702.0821176917448,0
8,38,2.204669069205699,5544.768404234725,0
9,56,1.1230476834429757,13268.227527055502,1
10,75,1.6782315431721608,3799.215745521797,0
11,36,7.225429574520208,4348.611040782827,0
12,40,5.809116475265168,469.5007371889947,1
13,28,7.749196745229747,6322.7875101620575,0
14,28,9.218491770318785,2553.3382379257246,0
15,41,6.266345790929248,18801.928549514476,0
16,70,7.535087596646632,8662.945844824675,0
17,53,7.813730818382103,3695.757070620985,0
18,57,4.400654943482078,657.5110022678465,0
19,41,3.1697634909666865,9809.743168286303,0
20,20,2.845407956558724,8041.71994053831,1
21,39,3.262981955606186,1020.2912587356424,0
22,70,3.472586173233179,1749.7614529076568,1
23,19,2.8650488410725083,7885.02927158306,1
24,41,8.903986007312731,1024.2375377276262,0
25,61,7.812992189550059,12490.110766381977,0
26,47,1.4220682101209792,2762.8185325532177,1
27,55,3.418052338227766,455.3103732011944,0
28,19,1.1996626782727147,8457.271928417575,1
29,77,5.483486679813036,2338.1098026651684,1
30,38,5.2858962711011275,3738.0083223234915,0
31,50,8.48234341056251,595.6316246409841,0
32,29,3.769995157939445,12.936795868905344,1
33,75,8.347471616917561,5080.351000085616,0
34,39,9.711763888958407,3619.8381461511663,0
35,78,1.7956740102908193,4501.331177437549,0
36,61,8.126360555226697,7893.182189374771,0
37,42,6.309603074238725,5200.857260909065,0
38,66,5.320413703166276,960.4865779624585,1
39,44,4.784822007985676,2237.4744641187644,1
40,76,8.062014375498787,11816.513537520603,0
41,59,6.754252212768181,7347.177826350681,1
42,45,8.245402007674258,4066.8328102783257,0
43,77,9.128359528089636,1476.1860223420397,0
44,33,6.555373408875628,1798.1142941150206,0
45,32,9.824164525831401,6583.059232389123,0
46,79,6.472790645876967,9524.895967010789,0
47,79,6.729798894600544,5564.945754245561,0
48,64,5.993340476880031,8291.302249559309,1
49,79,1.8190188194619725,7276.210493849931,1
50,68,7.537573293852054,810.8535856946071,0
51,61,5.927016762092004,2757.75905980706,0
52,72,5.05819402674494,830.1772958149239,0
53,69,9.194241505629456,1340.9372328634547,0
54,74,3.6816350638775543,10172.708949222253,0
55,20,5.712420484135101,3201.748763258207,1
56,54,7.27877684344117,3832.441407862795,0
57,68,8.168245981064896,982.7878396286534,0
58,24,5.134121271515552,1871.8077847921345,0
59,38,8.578822735168387,1308.4225725304173,0
60,26,7.920259671838577,1154.5315467750647,0
61,56,1.5961238006667928,5080.013836320112,0
62,35,1.4127513976416965,1484.514588036238,1
63,21,6.5872511597988215,4998.572116379422,0
64,42,4.1267206740287286,301.16363053964443,1
65,77,2.8821771197066277,764.4413472547091,1
66,31,6.216849410245645,1604.7484634542077,1
67,67,4.074068894108905,4544.67571454346,0
68,75,5.83537075042663,5632.609494473467,0
69,26,5.141072430852148,2923.410147385877,0
70,43,6.262894953542383,2951.0662646293436,0
71,70,4.602704400192533,6446.144094305377,0
72,19,7.279008163272386,79.73790572623913,0
73,37,2.6206054511436867,2085.841807555955,1
74,45,7.268513196043711,8538.20543535613,0
75,64,4.704950929217754,4621.85910818133,0
76,77,8.868858443689753,2056.61465416431,0
77,24,5.637124493777898,11797.08915798945,0
78,61,9.757993143430939,7405.723237343535,0
79,78,6.417418559868642,1538.7127061408787,0
80,25,3.0146415931568855,5182.271333564202,1
81,64,8.396115731600043,4528.617909298847,0
82,52,4.105743650401481,2564.0372150235858,1
83,31,4.128572930344152,2286.0773705125175,0
84,34,1.2862421333664862,2104.623532146552,1
85,53,5.938437782866678,4800.635588515437,0
86,67,5.809811533592707,2920.6561989094325,0
87,57,4.2039233584478755,8914.884146375069,1
88,21,9.04795536606333,5537.295777238303,0
89,19,2.158735584696795,362.4857664550684,1
90,79,3.9708956197913987,5110.593225784038,1
91,23,3.894244882120261,1581.4190614197416,1
92,71,1.8306152760587149,4492.401316150505,1
93,59,5.330308546506639,5699.233264496768,0
94,21,7.190062453864747,1312.2110670282314,1
95,71,5.604913121925351,3051.9283521115008,0
96,46,2.4127991444457435,1055.6108848626989,0
97,35,4.395573687178653,268.79152271193635,1
98,43,1.023355219452819,2377.9071694653326,1
99,61,8.814709963320281,2254.4907095423937,0
100,51,1.7606530691261373,26996.759269600498,1
101,27,6.375502740298875,2956.134037845248,0
102,79,9.876312962801336,2029.097475520596,0
103,53,5.829315813885993,4343.160880525505,1
104,31,9.316375831966898,464.7854201277945,0
105,48,3.125048798056639,16307.055800710408,0
106,65,7.839598680438271,5038.742336281254,1
107,32,5.781391785761806,7029.176640053995,0
108,25,7.484644552523184,934.5278658497892,0
109,31,1.561072262601173,2633.7406927651796,1
110,40,2.3296518271560402,2746.8717965010414,0
111,77,2.1980523572873043,8624.424628301742,1
112,74,7.18448954862998,6.1872253942911275,1
113,79,8.599966053702659,1789.472067042037,0
114,57,7.746546088077286,19879.175444241864,0
115,38,1.2742493746023476,3220.7046606559798,1
116,33,8.80493482967251,2410.5938524263875,0
117,62,4.187320037138129,638.1953724886683,0
118,35,4.574474492536742,18280.053712919944,0
119,64,1.9438224987923283,101.14800740512962,1
120,70,7.636646854844372,6681.43373946901,0
121,41,2.6405549062836227,7318.033103061611,1
122,43,6.075685828169528,1396.299632924015,0
123,42,8.566389872901379,5566.981837137,0
124,77,1.8028389584085058,487.673555288127,0
125,77,5.818020076139712,1485.6142597174896,1
126,77,3.0989477039482107,7753.533958853458,0
127,62,4.086341778504343,10000.793472836083,0
128,58,5.265729472875005,4688.675291518413,0
129,46,4.195938729513743,3534.5921706366394,1
130,32,6.839405562624184,867.625916590504,0
131,62,5.316238915788252,325.94183763215807,0
132,18,6.257795362427523,625.8268761326533,0
133,42,7.631402278554216,1289.692812375332,0
134,24,6.019680393553937,2090.278960007126,0
135,26,6.278818911946832,2397.519273186611,1
136,41,6.080126882703771,2125.7002474885594,0
137,18,4.408953633561604,1365.9731680790042,0
138,61,4.037021504847263,3563.936422186178,0
139,25,9.09682657430511,8723.027735804484,0
140,41,6.467997000642155,1640.461997978668,0
141,28,3.199178399181891,14270.036869311107,1
142,68,5.484229280640462,10331.112960211378,0
143,34,3.973136331528226,882.2792368791313,1
144,25,9.40322641383887,7715.348068300093,0
145,52,1.0678092682066727,4273.478579538955,0
146,52,3.027995179412754,4180.186718569846,0
147,50,4.288211377066519,2480.0361611200124,0
148,76,5.390288207278641,3477.279209163777,1
149,22,8.657357660525317,2530.673030979691,0
150,59,1.7909886208612948,3879.7384740094303,0
151,56,8.25278398067029,4943.635834908681,1
152,75,1.500881404212778,5608.951268121961,1
153,58,8.580826317683634,3801.578506215918,0
154,45,1.4647193008706156,6390.287143507564,1
155,24,1.1641823328552494,761.550494454098,1
156,26,7.272653161297794,1191.1748485195055,0
157,25,9.97529981291555,8538.976262639204,0
158,29,9.069492366766188,1946.9351139761925,0
159,51,6.183985760250939,115.79979152872215,1
160,50,9.256560517769785,834.9454091905709,0
161,65,1.0477000575784488,1265.5300971593156,1
162,72,9.775604466506282,15770.462593611559,0
163,40,5.41673901332906,4255.341468589158,1
164,79,7.506064869595981,13495.2595726546,0
165,41,8.387753258380172,4280.252690251994,1
166,54,7.466115437528983,3263.4288805457554,1
167,52,5.815330588404195,1882.403892042975,1
168,61,5.289575357137708,4661.73148245724,1
169,57,8.547243028323622,749.4539737780366,0
170,39,2.845698041345132,11426.753671680468,1
171,44,9.711946598538109,8840.187520001187,0
172,52,7.398572309530735,1910.1941522984714,1
173,18,2.795562346044878,15266.545032169855,0
174,52,7.6262246532863935,8720.586030097924,0
175,54,5.76856020863005,5487.667641222704,1
176,64,7.3650708608,649.1877513418167,0
177,31,7.910015512985549,3252.680558202134,0
178,20,1.785611616307079,3527.1875393050627,0
179,18,5.554935607234123,1323.4185909838343,0
180,22,9.388129080312407,416.71997409812604,0
181,43,3.8857797294356287,7496.724748062904,0
182,72,6.344947878021089,650.7430441844257,0
183,31,4.323074333589065,4510.59255157866,1
184,56,5.088411749971897,13779.576409804184,0
185,44,5.937428061443379,10441.612004069964,0
186,26,5.940297819000795,1626.9378619313113,0
187,32,2.8155741609721225,9534.122527323618,0
188,32,7.1611439309185,1.662807064532695,0
189,43,1.7908130011839112,89.23054166893067,1
190,59,2.2494229609781833,4613.4704967456055,1
191,77,1.024398094728967,2269.062827196826,1
192,30,2.050264577275132,2442.555941383408,0
193,68,5.25849580946703,4155.626117957697,0
194,49,6.454916929502548,1064.6200928511848,0
195,56,8.148605049698162,1189.7338430552984,0
196,66,1.9602932510209246,3314.075299835156,1
197,69,8.656547140148092,7017.2747130891075,0
198,78,7.713770729938463,4831.31596062579,0
199,49,4.6766646364232525,1764.5178101469123,1
200,21,9.396442603899592,2813.55316335694,0
201,47,9.918365288116515,935.6540650502976,0
202,54,2.845016290479135,387.80710405995603,0
203,40,4.413057264674204,7632.290858281647,0
204,56,9.3380448123074,1542.060030297679,0
205,62,7.494368956761495,978.6536230434755,0
206,32,1.4328517956767892,5882.080924757292,1
207,60,8.033630335762734,4812.349762644422,1
208,46,8.451467984597429,5014.551282968629,0
209,53,7.754517322887821,1299.6510773513567,1
210,30,8.195834178275641,1324.0322214699247,0
211,49,8.426194090235175,1247.4545082053835,0
212,24,2.677644881093297,954.3051465932876,1
213,76,3.1212257145849978,5331.553333131723,1
214,68,6.7038270734815955,9419.896359084856,0
215,39,9.170795174162643,6442.526638823699,1
216,45,3.8457692406684516,7853.337314722969,0
217,19,6.29476008215551,2594.27578080479,0
218,59,7.146838570754191,5307.677948453637,0
219,62,5.067537411691353,2186.6076968301295,1
220,79,7.424042093697934,3727.5170084663655,0
221,74,9.097007007629559,3285.3767779967525,0
222,70,6.616913897636539,973.3098075692333,0
223,23,5.858029557231697,2447.5941735963725,1
224,45,4.948702078495051,16596.55847184531,0
225,45,6.197376438155131,1428.9543609274192,1
226,61,4.198262066365563,718.2188181261951,1
227,61,4.523338991813517,2711.414804363123,0
228,37,5.786717317193566,7811.286544567083,0
229,47,1.5995720115173526,4363.142630236245,0
230,79,3.0612285183231673,5712.426339158911,0
231,28,5.88564379552068,1051.7218580613956,1
232,75,4.883753288227983,4824.099683708484,0
233,72,3.995342073212359,1954.1170756413128,1
234,45,7.574942231283713,8987.983341515608,0
235,42,7.243458466630046,4961.794739631151,1
236,56,2.5005768399404484,1108.57459756942,1
237,79,8.907662038360943,333.9943281310566,0
238,50,5.458812637635691,217.843447882432,0
239,18,7.673148200251409,2321.368922222594,0
240,74,6.158357643316498,1545.2172991667314,0
241,44,9.979233543314589,5193.564921565878,0
242,79,7.771628080349404,3459.078686406495,1
243,74,7.362824151191131,1546.3625751252118,0
244,69,8.00714745145676,808.1129974911668,0
245,30,2.2881518699362267,680.2428628267022,1
246,58,2.8409013385251694,9999.840228144085,0
247,20,7.4265767400125275,1395.1181155873683,0
248,56,5.445833384177764,5273.6083658420475,1
249,23,7.7917176267410495,8321.73943213004,0
250,25,1.9262442766973051,4760.642912224736,0
251,44,5.8283321633613525,9815.060901026744,1
252,26,4.409394090012242,2491.1408754114896,1
253,79,5.113001973535105,15643.14112901883,1
254,54,6.435620848652612,714.4178218804793,1
255,50,5.520595127162771,538.7586932010129,0
256,68,5.85874573401553,5374.852059645732,0
257,59,5.37721733796047,14308.729795770765,0
258,61,4.6805965937694385,8274.359442497613,0
259,41,7.946937825384206,397.47227857833093,1
260,32,1.1098276508624005,1638.1313862575541,1
261,76,6.385984310847043,13319.12971258175,1
262,71,6.089575125906764,1458.8416010157207,0
263,49,7.44561167259657,7597.310214605654,0
264,49,6.391264282995938,8718.624979139298,1
265,41,8.441189450281705,3420.462525322484,0
266,58,9.63167315107625,2441.643847180949,0
267,69,4.082718314606891,2990.3163355756096,1
268,66,3.0461588472698833,1287.1527895648173,1
269,79,4.8123717617843464,11008.765303080048,0
270,66,3.591366548281535,2994.8214225040792,0
271,75,6.53455236837389,10704.859086768989,0
272,69,9.206671679586682,558.5334946670721,1
273,29,2.252045747287557,22230.275389672515,0
274,79,1.9071514271429786,2928.4022097314214,1
275,56,3.30413978668296,245.0627515460369,1
276,19,7.534860274561607,193.81769919940453,1
277,20,6.336666147329394,6856.186596949072,0
278,66,1.9199139780267962,5379.885065021633,1
279,54,9.268754700346719,8100.739251299632,0
280,66,8.110761734116782,556.7114875466499,0
281,73,1.2072034430887375,181.09462374251407,0
282,34,6.862304898894215,3552.2733688342646,0
283,76,7.941220016677642,2451.8091431169373,0
284,66,4.3699183274837985,3098.9904648045604,1
285,19,1.6202938543049692,23890.723139595135,0
286,19,1.6958895893990853,17659.37129074372,1
287,45,1.9382226944662855,14263.824299083502,1
288,71,8.563956687823806,7658.7439405853165,0
289,40,9.196175784301417,2191.295196688874,0
290,54,2.105297036611604,2656.2551319659383,0
291,49,3.123154311355731,3988.274119183352,0
292,50,2.4896845933056078,8875.528277253849,0
293,18,2.676887915447086,355.93799347513266,1
294,36,8.53741710102243,2760.815890239148,0
295,79,3.9893177138944504,431.1547541482782,1
296,19,3.8029983764107707,3614.5031504273857,1
297,70,3.046560587894014,11458.266516983967,1
298,61,6.471049544148328,7627.435592528388,0
299,43,4.41375128546994,1292.8331371700472,1
300,49,7.698246866589599,18646.60127290448,0
301,23,2.8502182753807377,5503.327946936279,0
302,49,8.09010899843043,52.41224397094305,0
303,72,6.433493785571251,1474.631138397999,1
304,21,2.0284057005011897,1510.347382315554,1
305,72,4.730541257832649,358.84596461860264,1
306,28,8.771663265516612,16072.740773272102,0
307,73,9.306642086186363,3252.884404010458,0
308,76,5.191301100869318,11307.916247088344,1
309,34,5.327532802801662,1944.6294662776922,0
310,55,9.266092524453711,668.9918294811602,0
311,41,6.283614017229105,3215.4663135205074,0
312,22,1.295620032190945,604.9469227856184,0
313,69,9.21474516591216,3327.810877083699,0
314,51,3.2340379848143668,12647.251632131407,1
315,23,6.198687586823925,3677.853762043498,0
316,39,2.4896198568517645,4792.0747301854835,0
317,28,1.3049124422193548,851.7975627240997,0
318,65,3.8032585401948165,223.60431097429097,0
319,33,8.024461367914789,587.2102562522861,0
320,50,3.498284553664763,4563.13196491377,0
321,26,2.9808749267298733,499.166312145431,0
322,77,2.9141270590710366,2357.967581764014,1
323,76,5.636563141661314,3993.5601461078677,0
324,23,9.779871841144807,2460.451150945155,0
325,33,5.130900892153117,893.742547476313,0
326,46,6.015748320010431,1599.5892512497303,0
327,20,8.745688161016606,13177.545459713081,0
328,37,5.815627470402927,5634.78529852843,1
329,77,2.660165842769705,3426.3696671570815,1
330,76,3.6963632058982934,63.98208000343096,1
331,53,3.789432336417498,24408.177338847247,0
332,36,4.575863039118381,5565.406329876056,1
333,43,4.841100148030744,1905.7346134853224,1
334,20,8.198038198668424,10570.937662673368,0
335,36,4.144482991443997,1494.9395178673265,1
336,37,5.214086455972414,3926.494139928126,0
337,49,6.624783883459471,5053.979180479156,1
338,24,4.399533526961523,1249.127930842529,1
339,69,8.529083319630995,19174.67995386561,0
340,58,6.287082438106669,6895.440066229675,1
341,50,3.646402112988744,4080.114597217871,0
342,57,7.426532798108454,995.8816073814079,0
343,56,5.748829571303072,276.8141713395642,0
344,35,5.810103021315222,1928.7523684234511,0
345,57,5.3297915354882734,6995.628375563047,1
346,18,5.473107539391241,1568.9756720781652,0
347,28,7.888206529596166,3877.822582532093,0
348,45,1.9268333139818397,6508.7951417267095,1
349,74,4.00926530179434,571.1302411036731,1
350,42,1.679530274235003,5780.64585441472,1
351,67,7.779215986727058,481.8435816877039,0
352,40,3.450716692482695,16780.60511526842,1
353,48,9.076873688369957,3351.0036783127184,0
354,47,5.739206199933644,816.5733342396506,0
355,59,8.206747943375088,2095.667755862838,0
356,52,9.81038292054365,2667.2008229499784,0
357,24,8.558099735109135,7097.911768959495,0
358,77,8.802943840103712,6801.647641000815,0
359,33,4.671860458283602,4732.983071771434,0
360,43,5.9655033573340575,559.8600204040608,0
361,65,3.2849970763897387,821.8347778072014,1
362,74,2.7650178972410755,492.23854708409306,0
363,69,5.549570911954304,4303.958272559376,0
364,77,6.355440817303785,10483.485491247595,0
365,66,4.053441213065719,2844.0440551441147,0
366,19,6.124991659871503,876.8181408426159,0
367,18,8.987144342621527,4082.7057987256744,0
368,65,6.010494263050295,8349.980942752718,0
369,79,7.48731786679456,6768.401378616762,0
370,29,8.247834706221145,10662.135216266952,0
371,22,9.898559037598986,1627.9727495188806,0
372,54,6.428776619592816,1078.0715073649246,0
373,49,8.261651340663274,10593.677102732965,0
374,76,9.663843866993872,5358.2986624439145,0
375,72,9.49968753019546,1862.0543190348349,0
376,26,2.2697366389994222,6780.728190259081,0
377,58,4.657530774461698,8440.19787423806,0
378,52,3.915910549961197,4772.277138485035,0
379,36,1.782325134553144,5821.90358723917,1
380,65,6.699166974198645,2352.0978142119425,1
381,33,7.623141518764021,3868.48648093189,0
382,20,8.633152859201951,3713.359364770682,0
383,37,2.1049920069643764,9420.946114543753,1
384,41,8.887996682877645,9161.781829241922,0
385,71,6.786330072528279,8939.249687491973,0
386,73,7.335515216246585,55.464568787850354,0
387,50,9.195616031862736,6922.389748350023,0
388,41,6.62285143938926,7108.082332957142,0
389,69,4.022792714348515,5671.904472571356,0
390,28,8.425965982803937,7058.361529258255,0
391,66,4.267532909755815,9224.863706812628,0
392,25,1.308052997384762,3177.402212876575,0
393,53,8.475890559087247,3486.280186696435,0
394,55,4.1067293039314805,666.0232695408157,0
395,57,7.964510708812062,2433.721949882433,0
396,37,4.2648210519935095,5155.2146682656485,1
397,79,8.749612179772495,7579.732749907501,0
398,52,2.9755947257286284,1224.4483275723976,1
399,65,9.770925386789829,741.4728800477295,0
400,79,8.017828973092277,5438.984994164921,0
401,42,2.0281413332835716,9.408263617751022,0
402,52,6.091989579699044,982.3412613127266,1
403,42,9.868305810175611,147.5116279532641,0
404,46,5.239589074244329,912.9186629243454,0
405,35,2.6389642493942493,1000.3055615788885,1
406,63,5.363005304353115,2452.448983674687,0
407,35,5.612118902937294,2573.558529780538,1
408,19,7.67518249805799,10367.793223913352,0
409,71,7.289612678448139,3567.8690800316194,0
410,52,4.622950392372825,6426.000445780909,1
411,33,2.9622079674467785,549.8408950468256,0
412,78,6.805487509923965,1277.2927301325863,0
413,58,4.795335410979536,6069.163619472696,0
414,53,2.1904859001279737,271.2459804951291,1
415,50,9.105150711127472,3333.4772853810714,0
416,21,7.220996718486889,4573.571945564143,0
417,50,7.148654708009333,4608.346402501863,0
418,31,8.403254883205065,115.99929425785581,0
419,38,5.76695510789573,1943.8365100209699,0
420,65,8.335489855622114,5059.751315398744,0
421,37,5.482816781599052,806.7142018045922,0
422,73,1.6045785992413908,5944.036066046296,1
423,25,4.6472327922491985,6850.633009085254,1
424,24,5.4771840458190155,20078.366711973595,0
425,20,7.481823234690662,1177.611735044157,0
426,34,1.9592085711580691,8718.581281675417,1
427,50,2.260166847944041,3672.9361731009185,0
428,65,3.373154223711548,2337.7340177287774,1
429,29,3.3984855403379397,652.689430056336,1
430,76,7.589661206131561,6649.676122293348,1
431,68,3.25657594505438,1345.0055931421093,1
432,39,6.697882570217028,2321.47578310053,0
433,72,5.448464651244443,322.9178208792663,0
434,39,6.159649403614606,8081.479771168275,0
435,63,8.542962668604662,7274.76195704014,0
436,47,4.639433513941219,6614.078820811085,0
437,55,7.938202393578434,1779.4013738017445,0
438,55,4.798324535956186,952.6562672026524,1
439,62,4.184842389051245,5074.388759766138,0
440,68,9.627644595818985,3427.5459631175995,0
441,71,2.659338286110669,981.6103422793634,1
442,25,1.8130326451984708,5790.398783583601,1
443,44,7.938873329819307,23623.391443069693,0
444,44,1.6142473481868242,6876.170514341021,0
445,51,8.533710916327264,6735.1064521789785,0
446,38,4.934740567215192,15010.034885037727,0
447,47,9.239623095627227,1134.1038172392286,0
448,50,7.493795750097151,4168.371674772351,0
449,45,6.493642003071618,19472.564783622485,0
450,64,9.543761173519892,903.3792244258933,0
451,50,4.569844357468488,6024.065110125285,0
452,22,9.586782428856697,4407.154128328381,0
453,77,2.2150114967908623,4415.236013852781,1
454,78,5.353794477391714,5981.191092846788,0
455,65,3.429201001529754,13269.012132356718,1
456,36,5.858585010173741,7629.666171922588,0
457,21,2.4581249010242616,288.8665028943468,0
458,52,8.57376694279039,9577.370983985424,0
459,66,8.617670643831016,1277.9549195674747,0
460,34,9.597126814511311,2365.354961879557,0
461,61,2.392049267949126,3097.0010656321974,0
462,45,6.609992958144916,3278.351480665343,0
463,47,5.268135778303327,2856.2444476863784,0
464,46,4.099453588398099,13851.220901406563,0
465,63,4.163861450207969,6121.200828259659,1
466,70,4.715141955460771,4987.1059853710285,0
467,23,7.344329947200578,255.63510833676702,0
468,52,6.384574524413392,11712.523425070882,0
469,77,5.13713361485018,12005.964079072462,0
470,58,1.6834006933265988,7575.483360184072,1
471,54,1.6998880967106138,35.27012525413249,1
472,41,1.0210545156320043,294.93115740575075,0
473,46,9.709294493863778,1275.9046969202082,0
474,66,1.0472843670254641,704.0715764599099,0
475,63,1.927843714123704,2544.4377627304625,1
476,70,3.831369011284698,12795.332254404348,1
477,48,8.266872266350852,3193.8673026660467,0
478,52,9.65888907187706,67.46626145203336,0
479,77,8.110122029126705,1661.6240724451688,0
480,50,7.215042092010766,228.09924363006397,0
481,69,5.691706006722125,184.81196298925104,1
482,78,1.7803469067596525,1612.8850910073095,1
483,38,9.623537137035374,1612.1429304084907,0
484,49,7.825531725511134,7735.288341984365,0
485,40,6.750544468008356,18411.436705791184,1
486,50,7.831322609849648,2319.766597812275,1
487,20,7.516929963458248,2800.8398918566054,1
488,35,6.735084218105381,9314.863041909797,0
489,42,9.825191201619894,1560.8235061041662,0
490,59,9.130274313724225,850.2763081208465,0
491,48,6.81998427205447,9589.662805768497,0
492,71,7.238576903112323,238.08234490624955,0
493,75,1.4643622599283899,4833.966960258386,1
494,20,7.029257180950353,4127.6001937728215,0
495,57,1.3974889393909016,2122.6314750840274,1
496,63,6.294373812729379,1893.065760679076,1
497,41,9.994181496092514,7388.929183321862,0
498,67,6.002259232934617,451.9468933421796,1
499,49,5.258891062732,1351.072999905109,0
500,64,3.8156937085502878,6592.220371649165,0
501,39,2.08470320907818,3973.913034114348,1
502,40,7.579213043124534,684.761664203572,0
503,19,2.7333912500706736,10691.102945072824,0
504,44,2.0375381912255595,2499.822817341534,0
505,59,4.795863937574612,8797.479175379112,0
506,19,8.158076541631877,7749.081096976928,0
507,43,7.7055809330819836,4896.491414014264,0
508,34,1.4939435318182743,3410.8495720169426,0
509,57,5.096293165325405,19449.06745900083,0
510,50,5.701911184640521,783.0647993099954,1
511,26,6.800919855632399,6457.753118589151,0
512,60,6.851506153989053,1060.9605731835304,1
513,71,4.282275245115753,2064.436210622229,1
514,65,6.046094746031626,1845.8978912954638,0
515,56,5.329556954596778,14690.713050012788,1
516,46,8.96498520870953,17110.49826833621,0
517,59,5.772386193714102,1010.6754394644331,1
518,72,4.969289455733454,111.40780409011192,1
519,43,4.640369047136657,6364.971946538314,0
520,52,6.151849834901191,2706.3376782254377,0
521,67,8.235792814608079,465.18517476571765,1
522,42,5.845613413427088,5756.176105432347,0
523,41,6.954896575724874,3938.4490858723043,0
524,30,7.640701902158725,19691.019262234477,1
525,77,5.681512988908587,1290.0305980581886,0
526,75,4.841353509893779,2587.387461741288,0
527,24,8.889988400762046,3910.3925799494023,0
528,74,4.757554756251029,7843.879376412155,0
529,53,5.157485655180288,3979.651289116854,0
530,62,9.913071820075993,4745.363184775968,0
531,37,1.0021377121829613,1281.8670628846107,1
532,18,2.669256186190502,9383.931548284787,0
533,25,4.455675009277532,2798.596252429102,1
534,63,9.393309184827276,759.6967935486664,0
535,33,1.6302673517272392,5456.017724148688,1
536,31,1.0853689026564828,1217.30819624334,0
537,29,1.4741545237950573,513.2792729848476,1
538,68,1.7968906955225634,9902.033658443896,1
539,40,1.338370958856348,3082.43337186664,1
540,32,5.318031941708543,6917.166543098714,1
541,45,6.22681486504595,1716.5910028876676,0
542,51,3.445182739621037,7731.614557236492,0
543,19,4.58458645578072,593.5569216896331,1
544,49,1.8252940160028712,2200.076043467087,1
545,40,4.027334174455799,19097.633443567785,0
546,39,5.702672724710708,7899.145954474425,0
547,68,7.590446264661806,3438.3702307584117,0
548,42,1.030117258386813,2075.8916824430066,0
549,75,5.205796898838873,10283.928669257191,0
550,79,3.6730258880939397,3935.6166028855178,1
551,78,8.675396395227112,7102.876845329871,0
552,39,7.439979837108178,7014.307818708615,0
553,75,6.301976810238053,90.54327508789524,0
554,75,3.4953908112709624,674.8265740993522,1
555,39,9.193051918517808,5388.600781296174,0
556,66,1.4059060949829085,881.4179778398228,1
557,69,1.9852083881120364,1475.1674377514262,1
558,59,4.524671264863205,14653.2776926107,0
559,23,2.119938015671707,4106.974307317302,1
560,32,9.607741278034824,6946.083274306855,0
561,71,8.18190389929045,4082.009102195325,0
562,60,3.330843864416323,4020.5458291276227,1
563,77,6.296988060759208,494.418291089827,0
564,54,9.840974635720734,2105.4059794763575,0
565,50,8.957790803183526,1659.4301376743363,0
566,25,6.407186017979782,2477.4553862020903,0
567,70,9.133515704577434,8005.964684869156,0
568,77,9.90266418832023,2325.539507841734,0
569,61,7.690175406042617,3004.634477215119,0
570,61,1.5848776853460462,2532.3538536356255,0
571,22,4.614222127829387,490.3136689021209,0
572,56,8.54043161754921,2908.674493432519,1
573,21,3.075122762245171,1088.3507452613433,1
574,23,8.475782659755621,1033.4193886872952,0
575,62,2.0830488583149633,493.7791205107609,0
576,49,1.4225082143303172,2205.4949066543904,0
577,69,4.456815503421247,7083.394347476686,0
578,47,1.3305874368395227,1617.8707131566593,0
579,64,9.61543236684993,1872.3699267944428,0
580,52,8.435851262145693,5145.542945793988,0
581,72,8.206927184168876,1089.790175532886,0
582,57,6.668001306965378,11363.089658262355,1
583,69,2.9469162073289814,3671.8308865794943,0
584,33,5.66434330008753,2967.4409013555864,1
585,30,6.37546665187307,4080.1933701867843,1
586,67,5.725283507742414,907.8151032734048,1
587,77,3.3421003115637458,4752.76957188264,0
588,59,5.637231318832533,2255.7188909918696,0
589,47,5.420677067817639,11374.185323967642,1
590,36,9.967021982260519,924.750281436188,0
591,34,9.076925332415835,3536.748846343389,0
592,73,5.170426733940579,4557.917010892632,1
593,36,6.606436446416068,169.7677743790245,0
594,45,7.730844436830057,2260.3716188331214,0
595,75,1.313786442104424,6595.706953815968,0
596,72,9.05429297105056,8584.489470172211,0
597,43,8.741141347761314,1878.2840744066523,0
598,54,5.116888879963366,8012.144474995682,1
599,43,4.520527894723418,17172.097440556525,0
600,70,3.4566343737068346,9720.147355824007,0
601,79,5.290091454973315,625.7983143698169,0
602,40,1.399389971799131,6730.185005921103,1
603,26,8.66974180012307,1925.8632425305123,1
604,29,1.3188013157669056,22290.64764663232,0
605,70,3.961462288328839,3321.4283802668083,0
606,18,9.384305394870909,653.014984868803,0
607,75,7.616913890711075,6458.2956457060745,0
608,75,3.532518645197741,1950.5027369876573,1
609,18,3.273841845647966,29177.703626837738,0
610,64,1.0457392583622336,19506.023141963156,0
611,51,7.261428635647752,5337.516423933524,1
612,49,1.4390522350585577,695.313016321224,1
613,79,5.793422674606859,5805.540450694644,0
614,71,9.659097753328448,488.2322092324689,0
615,65,1.985219740490085,149.01958077484738,0
616,42,9.050319378712606,8656.854034257727,0
617,57,9.923278016305433,1177.0482897906634,0
618,62,1.5536532361531155,2382.339397574787,1
619,70,8.946156422237152,18145.01955945284,1
620,18,5.64471118399255,2053.6987369171798,0
621,33,9.158623475001221,1758.3643849709522,0
622,78,6.141870477276167,12517.879175275606,0
623,56,6.959008090959082,586.8755992458896,0
624,22,5.894010171976594,7126.8895487876125,1
625,39,8.780435922766136,22141.63749278381,0
626,46,7.605189270583315,11578.14957838039,0
627,72,5.691342809623734,5272.9949881515495,1
628,20,8.813447236463922,1884.831388109185,0
629,29,3.207569790298011,1467.3069105372601,1
630,43,2.416065937322734,8553.343305305532,1
631,33,2.4436009479706486,10593.90292956034,0
632,68,4.006079908707141,3726.7824986473643,1
633,54,3.1482102817091575,1400.8183052682007,0
634,39,9.370813154587648,599.2313606411528,0
635,74,1.952506844457256,456.0799353809801,1
636,46,7.290916642356289,6348.38130497825,0
637,31,2.702993858065053,2724.6594979098077,1
638,45,8.934734194933151,11788.368654440093,0
639,22,9.651837593664167,6729.051092279598,0
640,64,5.189230078929852,1061.3915737590066,0
641,66,8.911643322053184,4756.707202575025,0
642,47,1.046306536792433,2859.122788959539,1
643,63,8.379522256672901,4304.868271732184,0
644,79,3.0576264537243114,6698.3731978325,1
645,69,9.178311783424311,8204.536629504611,0
646,22,1.0100810033209853,9281.084413289904,1
647,29,6.0056356153578125,1464.9799957359153,0
648,33,7.809722234064412,158.049861841451,0
649,43,3.328194976281172,6721.823816257404,0
650,43,2.7381957812856377,562.1702950546942,0
651,65,1.7568840202118619,1891.0952936163465,1
652,38,3.9379021885296366,19.122189866235107,0
653,56,6.038598810779465,5723.325362246636,1
654,53,2.042594711022319,914.4006326522691,1
655,50,4.390258257881189,5325.148879928824,0
656,79,1.0816516418745246,23983.23795031476,1
657,47,8.368114784498577,377.2336481179907,1
658,54,2.156038462838722,401.0528402102445,0
659,40,3.5500865343902346,2080.4575391720628,1
660,75,1.165849468643957,10064.020408706727,0
661,27,4.890167055032611,1213.7339060016127,0
662,71,8.56109352467097,2234.3881029550234,0
663,22,4.529360903006769,354.82446586548747,0
664,53,2.6154759108145007,7201.75294994058,1
665,51,7.783289506454673,2623.831244549219,0
666,69,8.099262836836697,7119.954829249033,0
667,48,2.563781277768101,11696.65226784328,0
668,27,7.937686976868908,1324.798604921592,0
669,75,9.525680994307042,8235.59584463417,0
670,36,2.497398282390451,304.55960645560486,0
671,75,7.93885863278922,11455.62447224315,0
672,49,7.3771480414236645,5260.101945403078,0
673,18,5.262164995915796,10366.37195407601,1
674,73,1.5212841450291847,0.942086530038576,0
675,22,1.6722497598206862,926.1152323708928,1
676,62,8.671731932787829,2469.5097637333415,0
677,21,9.911335354755824,2386.171767187063,0
678,33,7.0844703146807895,1285.6374904785541,0
679,41,5.013624763092893,2403.1954478595267,0
680,33,6.828162790617168,689.6981130459219,1
681,72,6.349562733056908,2661.6180355934844,0
682,19,4.452510343650596,8106.396963188763,1
683,66,1.5906353011661165,3260.6986219859905,1
684,45,8.393616526666968,90.82030601625304,0
685,49,4.346501763148521,2736.1000341318954,1
686,44,8.369070790213843,137.7554281380914,1
687,37,3.27257874719544,16942.898212015138,0
688,41,1.0092653186107006,681.6992886399457,1
689,29,2.430444549490809,6149.673351870354,1
690,67,5.216854750917259,18018.34101210615,0
691,52,9.498732714620468,8744.622199111185,0
692,77,1.9197425772434709,6008.466607048191,1
693,50,8.687887970154094,9146.08905777148,0
694,50,5.743216865906759,20031.309443050948,0
695,78,8.43328689219907,4855.642254936875,0
696,68,3.6853698789099334,4095.647772359108,0
697,60,8.559524482052247,4947.5085576970105,0
698,54,7.9554050201512405,3803.661147060032,0
699,29,3.0704831472829053,5040.51040491623,1
700,20,2.1820161376844025,2987.750736533292,1
701,18,8.812488902790637,1232.3371455939714,0
702,50,9.669129880961187,640.5717509925647,0
703,57,1.281720823727646,353.94170939258873,1
704,27,7.58143060276317,1527.9797523137674,0
705,60,9.185720598530365,236.10569143548608,0
706,61,8.716240828832488,4187.060198396787,0
707,46,9.680684250431877,1669.1777079580852,0
708,30,7.840846705942875,8701.572962128912,0
709,29,4.980688861428193,385.70600095626855,1
710,48,3.807567914456174,1283.1881779775697,1
711,63,3.886684663943147,6551.226958420793,0
712,19,7.519804053527053,4566.579510150656,0
713,78,7.712533108278679,333.32401369372855,0
714,68,2.803232291938414,10487.59813648376,0
715,67,8.81310532141478,10488.506722018867,0
716,52,7.434316361820229,2005.433565489034,0
717,40,6.064752577090443,2080.652736324641,0
718,34,5.243792140922614,22562.20683432152,0
719,43,5.889095252109623,4919.853197927953,0
720,25,2.4332116445133805,3789.138111564817,0
721,46,2.8333112434864676,9105.493949541664,0
722,43,1.820480413655725,1679.3944319426334,0
723,27,2.382922343450014,2803.4294937171767,0
724,43,5.083242711447544,1558.348617100273,1
725,79,5.773189543554305,7783.298711584247,0
726,51,1.1607570323048744,4258.948701366751,0
727,68,8.171180450776248,5376.79971220916,0
728,58,3.6475117600913007,1453.8157360539633,0
729,24,9.2065243146392,1243.751244713648,0
730,21,9.707601372524,3350.8130949800097,0
731,75,2.669129872089889,6688.773505292856,0
732,70,5.1588756168909455,3724.7267752601533,1
733,67,1.011086516497833,165.9521826090075,0
734,62,6.384945386101842,10145.700935680892,0
735,28,6.465758034364041,334.3696625256622,1
736,46,3.2278596004303766,15597.922868541662,0
737,73,6.025714053248781,127.31708408920899,1
738,53,3.029861281993619,5928.216702304398,0
739,42,2.4474292217037106,428.91736701464765,1
740,38,6.863675201220382,12077.457785612602,0
741,78,3.933329175568674,3122.1486064156743,1
742,74,6.312375449970602,739.738477308896,1
743,53,4.899220740744901,2083.7605854963144,1
744,27,9.859162666626135,900.5680326361293,0
745,54,2.346225784008092,935.1546116868332,0
746,26,5.181387369722291,14792.98406625026,1
747,41,7.124109637233927,2946.153545724688,0
748,52,4.559905754919718,7774.802232281719,0
749,66,9.772298666836209,5102.7809196885555,0
750,52,7.4969886513424155,5641.642814666773,0
751,65,6.912854718080437,706.0522259592974,0
752,53,7.81353340850101,1334.0696521197863,1
753,35,9.573837742348454,7726.458321309663,0
754,66,9.17036787686176,17662.149631851727,0
755,56,7.518567773137707,1523.6368929421396,0
756,49,7.742454751911548,1584.310250239355,0
757,41,2.3132986663163093,3201.7977779071266,0
758,40,1.925131640433991,20626.177929713973,0
759,79,6.1381405165974785,1566.4282957463563,0
760,49,1.1653087324648599,2612.5675559048755,1
761,54,5.341207433964324,11104.104675801662,0
762,29,2.893146219269817,14.626535816148804,1
763,66,4.114149108803556,202.89118880553966,1
764,72,7.982242622136605,4632.6104340786105,0
765,30,9.471137538091478,11896.259781517309,0
766,40,1.6517464493170735,1364.6679098054994,1
767,42,5.8081798537880065,3171.013019612538,0
768,52,8.942801372376401,2993.4168091617385,0
769,58,1.7425768099637915,3202.5018009179457,1
770,47,8.420626422071503,4871.184428863523,0
771,34,4.2202121583544425,3171.9746160635727,0
772,66,3.898852319974018,2966.2209224394014,0
773,79,9.797197476833071,3215.012722235927,0
774,37,2.8077318087606473,4468.580354890314,0
775,65,7.2387454674041285,3850.2219928587333,0
776,42,8.392966552088797,9625.402910688967,0
777,39,1.370651457513445,253.81903344751194,1
778,30,7.0334691251897095,8958.30951412943,1
779,76,9.563949769197942,9287.080679862655,0
780,36,2.1179797005525343,1676.7205167313082,1
781,66,9.065991724165345,3107.4076674248936,1
782,53,6.352989736392425,2886.0602653949722,0
783,29,6.5494412367622665,1232.763565731041,1
784,78,6.516497573790454,2527.5061766156646,0
785,58,3.6895229770358244,227.0153382106341,0
786,36,9.416816337695137,1627.4186692971198,0
787,29,9.52615416367935,8482.66943184752,0
788,26,6.62774194192553,1674.3037910916835,0
789,24,8.050804533474532,8524.423898475457,0
790,45,6.5103218729304215,3792.157521142755,0
791,31,5.359586028166365,10595.59917575938,0
792,48,6.947381064693256,4275.737743427388,0
793,69,5.977013073327626,150.5861394440453,0
794,36,6.37728276368737,5626.1193976368895,1
795,75,8.054492980769759,229.45309171524718,0
796,64,5.328134483040864,2994.615396929002,1
797,33,1.3667869548322549,13255.516573341936,1
798,70,2.475995328905475,902.8391134519067,1
799,22,4.9474649484058455,2470.4354311659636,1
800,52,7.523439038866525,6544.080395703044,0
801,29,6.3395078347916085,10696.32105975796,0
802,42,6.852647672861085,5557.621526779968,0
803,69,5.313510357186585,1493.197796468778,0
804,76,6.541678197480185,5613.621088026185,0
805,38,3.9611569403319598,1760.0551922557927,0
806,53,5.231643334269986,6336.857295789798,0
807,70,7.698511590354601,15399.171534142664,0
808,40,8.84649501075809,6389.773557371995,0
809,33,4.9028980056075,9934.512459101736,1
810,74,1.3929549193662507,10.530296814115912,1
811,56,2.455052897321224,6321.660348884411,0
812,62,1.187750253623843,8847.668220808619,0
813,70,6.879367173135971,207.0209111717446,0
814,59,3.99083162819598,10262.935938177494,1
815,75,5.882307721474308,1483.2389116375632,0
816,56,5.439491621054196,5472.485368632165,0
817,31,1.7337384059718404,8056.069418274227,1
818,48,4.629352250114486,5433.38666805909,0
819,75,2.9850501243009093,484.12298618165045,0
820,22,4.765598098008875,4535.682783160306,0
821,52,2.832204523080184,3987.914583370468,0
822,40,8.564071656492402,11529.01472737636,0
823,46,2.5677400292042827,2589.5846189000654,0
824,60,9.647024963382792,1936.267973099489,0
825,28,4.743166295322467,6928.487984824549,0
826,35,8.616207628171445,2660.8875243906396,0
827,64,6.658883363853506,5193.650417827705,0
828,29,7.618152687991774,5198.6530792262365,0
829,26,7.909514992601022,10948.02628728836,0
830,27,5.54360393703716,4565.135346087056,0
831,75,5.889704710269595,3487.3185163902644,0
832,61,5.625962810278525,747.5566951325509,1
833,34,6.292525402810713,615.007176821184,1
834,78,1.2645500118085655,838.0804621997928,0
835,55,4.559636528641137,942.7957388592336,1
836,24,6.455698422050544,5078.858008763154,0
837,63,6.379512087302779,6754.274135702919,0
838,30,8.136604851450684,3775.0227405695837,0
839,57,6.895084049488977,8830.977134765195,0
840,59,9.929199847066052,23701.07174486932,0
841,26,3.5546907574778053,8574.342961637896,1
842,67,4.232359266996083,5935.289583218183,0
843,44,4.454624366810167,3801.7015709905004,0
844,75,5.192315263182237,2978.769238991867,0
845,19,8.523982574030885,440.83684560778187,0
846,22,3.1221288456328886,2548.8704540587696,0
847,46,7.984001863318865,12047.213464847591,0
848,54,4.64779164777169,8251.88888998752,0
849,55,6.416698452958077,1217.0588868728748,1
850,36,6.692864799036755,3142.4913091184653,0
851,25,4.3556377347004105,8483.788572869693,0
852,65,5.613536846852247,348.8116664419994,0
853,62,4.7172805718292725,2450.154908009761,1
854,18,1.622195075679575,9547.354281752014,0
855,39,4.934488499351438,2586.716288783379,1
856,69,1.8765405329819695,403.96093461008155,0
857,34,4.6451871917228935,3910.26759781631,0
858,24,6.336265598486037,9893.186768739317,1
859,42,6.214734094091507,4461.474040711679,1
860,62,6.963591511074883,1282.720376769749,1
861,21,1.8573535715916365,2424.4869242790965,0
862,53,6.869109209773941,2990.306594855644,0
863,23,3.8093325102680238,4328.776574634627,0
864,77,4.591413515234,7122.079728336279,0
865,48,8.72187628530435,520.5488111063404,0
866,36,1.0812736371659524,11020.58284903602,1
867,78,6.295713700065449,61.93047482866626,1
868,61,6.388425820900968,2310.592669793271,1
869,71,4.569937987092057,139.01631686936534,1
870,56,3.1332507139750256,2495.9201323026678,0
871,44,3.11206634435396,3730.763371974473,1
872,27,8.953387026946773,3583.935949118624,0
873,43,4.978219364045717,905.3817441060615,0
874,36,3.9780042669025475,5188.6280602461675,0
875,56,5.038998164482628,229.05988203173231,1
876,79,7.0245136131342525,7175.465849414159,0
877,20,2.3118091142027652,14653.884883292476,1
878,62,5.044904516923639,2075.826216983984,0
879,30,6.290959339993482,3641.1718125116054,1
880,67,9.537250193662903,2381.398638541948,0
881,45,3.2727500386787733,33.66503102100511,0
882,79,4.23325673124621,2437.7798952068406,1
883,75,4.414227309301814,7844.365977306692,1
884,37,6.449843418803946,4531.5639152232425,1
885,45,4.210588477360015,533.8070078420312,1
886,25,5.80160732769726,9391.147353917488,1
887,78,8.036112968605265,3786.6724956577136,0
888,58,7.348470347009832,9217.054509581865,0
889,56,5.01731781861327,4340.140662606065,0
890,18,8.77794559906752,4101.363613631819,0
891,20,6.023262246344766,556.1059752307707,0
892,30,5.859152555519913,915.7679129889997,0
893,45,1.3076898934524235,17882.265968025655,1
894,79,9.880236823214455,1297.007143921861,0
895,74,2.1067372767666406,18960.57070814716,1
896,77,3.0801782118488195,3795.5023796861055,0
897,66,1.4652715351737426,729.6919074455071,1
898,42,6.760026701532223,522.9274289869941,0
899,73,3.02231059275412,1171.4274055273984,1
900,50,2.6200939372545116,12994.006053564637,0
901,55,1.7970002580091724,2673.459388893671,1
902,70,1.929780614116141,2516.2243851363046,0
903,23,6.262036303983298,1878.6063314678822,0
904,75,7.193870792799359,795.3412178806149,0
905,61,4.576410896179609,3345.7003284195303,0
906,62,5.319073734328659,696.5849563419777,0
907,49,7.173709623846857,9023.622862104474,0
908,62,1.1564181116693169,2313.3289758060855,0
909,78,3.908175913632507,2348.446935379263,0
910,64,9.757879732633118,3212.331438849882,0
911,38,6.221010067259212,2936.0835552751414,0
912,33,3.2880212190774394,26351.53965406844,0
913,71,5.695570419725918,3941.479200448188,0
914,38,4.083881393088238,461.6823990248517,1
915,28,5.790204899436692,4668.16803930843,0
916,77,2.1316736062598394,821.9227131841074,1
917,54,2.1944318843734965,157.13159519648514,1
918,53,2.2918812583545356,17658.037454632366,0
919,52,9.458378127341575,7425.910276783362,0
920,36,7.5960902650720765,19587.43764734528,0
921,37,2.461437051960888,3249.2743000591095,1
922,74,2.6951417538904128,3799.1870737853933,0
923,35,7.577465273837888,921.6395764434988,0
924,64,2.4054746031295653,1417.8355969309519,1
925,58,3.111051640013458,9117.774595006857,0
926,66,9.670121495383592,2201.7243317892544,0
927,31,3.2977587225558866,8766.973701905472,1
928,32,6.95469115334032,6172.395877106106,0
929,48,9.807681586604774,975.0339275136997,0
930,18,4.368670904258134,3540.75961509798,0
931,70,1.15764391775856,5656.514065646841,0
932,71,3.197325613801368,1339.6404657064054,0
933,71,8.477894722075348,8880.075637635904,0
934,20,8.78147952359533,3935.3957856111156,0
935,33,7.916674280714121,903.0673846220898,0
936,40,2.017988371689157,4373.158552768186,0
937,74,8.159593345267629,40794.171059803906,0
938,28,9.268100172941539,815.6631869097805,0
939,29,6.405485882916125,8484.70878386194,0
940,27,9.467878207042583,1161.6089841314013,1
941,49,8.441549953406897,7625.215662213124,0
942,33,7.0027436529181655,6632.169885638262,0
943,25,6.194667130405733,1786.8715536250677,1
944,55,4.137163005177735,1971.3138282617929,1
945,29,2.4335870071852463,7863.635192115577,0
946,41,6.4445853042148675,3094.3330126138544,0
947,45,3.8630039825630753,6561.838274474243,0
948,70,8.797948007748808,800.750729738948,0
949,25,9.940032436227657,9571.594608292686,0
950,75,7.771849863540153,6204.648830987049,1
951,45,1.8143352575834566,11872.705080366555,0
952,53,3.598170359775743,709.9633223844934,1
953,43,1.9819866858917474,4494.888607979148,1
954,25,6.854604830125442,4570.473038609437,0
955,75,7.886717781002062,2180.606782341239,0
956,77,9.331073477926406,3066.751049871927,0
957,67,4.943551117707889,193.60831760357067,1
958,45,9.112380846295999,6849.35067348418,0
959,45,8.901020431371947,3985.0161358640075,0
960,54,3.8547614508885872,297.3757516149585,1
961,58,8.82010562986514,5708.996215020497,0
962,53,4.381050266935539,3144.1253882379315,0
963,44,3.671823471042527,175.34526517534732,1
964,71,6.841671929149538,17467.83437756008,0
965,34,3.9554310509657293,14890.654757299673,0
966,26,6.671878734962298,3596.4539922564322,0
967,50,6.4884862494882505,491.7723586941152,0
968,70,6.070950346136129,7024.761140133007,0
969,37,4.42377733809518,3385.6910544370066,1
970,30,5.936497494863291,1800.8873408898671,0
971,45,6.368369274868794,3380.6458347818343,0
972,65,5.911181996459261,3695.3707646465377,1
973,46,4.999775074760814,4135.812868867455,0
974,30,1.1320035134163744,2910.030446243842,1
975,63,6.283555369310359,4653.917522191126,0
976,52,2.5159994662844767,12550.181491615554,0
977,78,6.783183720524707,2249.186415799343,0
978,23,7.834098951305794,6467.964509349335,1
979,35,5.504007782176673,11242.973644007521,0
980,68,5.881272984817645,3043.83968411151,0
981,22,9.56330703699392,2930.0437590704682,0
982,64,8.624506252353168,4607.986249783478,0
983,42,9.22812864356323,4475.175698098301,0
984,19,8.323896594876278,8214.697952925415,0
985,27,1.980265076620583,3235.932542708175,1
986,73,2.3409267037317525,27763.40315404375,0
987,47,5.739614175420636,306.5670044588799,0
988,67,3.2146269291819842,15.864384174952054,0
989,76,5.290259275370433,5111.011323787465,1
990,62,4.549287914365152,1772.2080011269736,1
991,22,5.94472814587408,1374.700576731612,0
992,72,7.7218814452224045,1869.098828829243,0
993,73,7.43941816389347,1478.8908889271854,0
994,50,5.691107192368009,156.37011771598694,0
995,71,8.401540769353524,17795.05623218414,0
996,18,4.8777588238423,1247.0878537481512,1
997,35,9.070428608561102,6621.854329470049,0
998,49,1.641522430496475,7189.968051462317,0
999,64,9.591940270299768,13243.536566996727,0
1000,66,6.892237732882133,155.12909295099482,0
